{
  "lock_timestamp": "2026-05-08T01:36:05.066016",
  "status": "LOCKED",
  "verification": {
    "models_verified": true,
    "metrics_verified": true,
    "data_verified": false
  },
  "artifacts": {
    "models": {
      "rf_baseline.pkl": true,
      "gb_baseline.pkl": true
    },
    "metrics_file": "metrics_experiments.json"
  },
  "metrics_summary": {
    "rf": {
      "RMSE": 6.250781279421917,
      "MAE": 3.0256701893791402,
      "MAPE": 2.2260813661582475,
      "Clarke_A": 99.5000551409771,
      "Clarke_B": 0.2867330809101937,
      "Clarke_C": 0.011028195419622836,
      "Clarke_D": 0.08822556335698269,
      "Clarke_E": 0.11395801933610263,
      "Clarke_A+B": 99.78678822188729
    },
    "gb": {
      "RMSE": 6.607580054255814,
      "MAE": 3.475167589141981,
      "MAPE": 2.569353457460609,
      "Clarke_A": 99.49637907583723,
      "Clarke_B": 0.290409146050068,
      "Clarke_C": 0.014704260559497116,
      "Clarke_D": 0.08087343307723413,
      "Clarke_E": 0.11763408447597692,
      "Clarke_A+B": 99.78678822188729
    }
  }
}