{
  "RMSE": 6.245026682816786,
  "MAE": 3.0277344204386774,
  "MAPE": 2.2318774333818263,
  "Clarke_A": 99.51129891603895,
  "Clarke_B": 0.2682344295425317,
  "Clarke_C": 0.01102333272092596,
  "Clarke_D": 0.08818666176740768,
  "Clarke_E": 0.12125665993018556,
  "Clarke_A+B": 99.77953334558148
}