{
  "RMSE": 22.59835485488165,
  "MAE": 15.098492872343249,
  "MAPE": 11.529196092202326,
  "Clarke_A": 84.6283970139374,
  "Clarke_B": 9.723090501231935,
  "Clarke_C": 0.022064501893869746,
  "Clarke_D": 3.158901187805685,
  "Clarke_E": 2.4675467951310996,
  "Clarke_A+B": 94.35148751516934
}