{
  "RMSE": 6.8381711837274635,
  "MAE": 3.3268661250703113,
  "MAPE": 2.3298387000030103,
  "Clarke_A": 99.27860696517413,
  "Clarke_B": 0.4975124378109453,
  "Clarke_C": 0.0,
  "Clarke_D": 0.1492537313432836,
  "Clarke_E": 0.0746268656716418,
  "Clarke_A+B": 99.77611940298507
}