{
  "RMSE": 34.53009356353135,
  "MAE": 25.035157724820625,
  "MAPE": 19.249636669736955,
  "Clarke_A": 67.39266399323056,
  "Clarke_B": 19.38118538685111,
  "Clarke_C": 0.13244545822449505,
  "Clarke_D": 7.049041609948126,
  "Clarke_E": 6.044663551745705,
  "Clarke_A+B": 86.77384938008167
}