{
  "RMSE": 22.69740062333828,
  "MAE": 15.060500737308727,
  "MAPE": 11.312855610977463,
  "Clarke_A": 85.05129996690324,
  "Clarke_B": 9.222961791637555,
  "Clarke_C": 0.058838671716985994,
  "Clarke_D": 3.0007722575662856,
  "Clarke_E": 2.6661273121759277,
  "Clarke_A+B": 94.2742617585408
}