{
  "RMSE": 34.239921072436545,
  "MAE": 24.824509975161522,
  "MAPE": 19.379868786625007,
  "Clarke_A": 67.89301350207866,
  "Clarke_B": 19.046392700783635,
  "Clarke_C": 0.11772929619955116,
  "Clarke_D": 6.76207645046172,
  "Clarke_E": 6.180788050476436,
  "Clarke_A+B": 86.9394062028623
}